topic,type,state,keywords
How to Pass the Texas Real Estate Exam,article,Texas,texas real estate exam;real estate license texas;texas realtor exam
Florida Real Estate License Requirements 2025,article,Florida,florida real estate license;florida real estate exam;how to become a realtor in florida
California Real Estate Exam Study Guide,article,California,california real estate exam;CA DRE exam;california real estate license
What is a Fiduciary Duty in Real Estate,article,,fiduciary duty;real estate fiduciary;agent fiduciary responsibility
New York Real Estate Salesperson Exam Tips,article,New York,new york real estate exam;NY real estate license;new york salesperson exam
Texas Real Estate Exam,faq,Texas,
Florida Real Estate License,faq,Florida,
California Real Estate Exam,faq,California,
Escrow,glossary,,escrow definition;what is escrow;escrow in real estate
Amortization,glossary,,amortization definition;amortization real estate;loan amortization
Easement,glossary,,easement definition;what is an easement;property easement
Fiduciary Duty,glossary,,fiduciary duty definition;fiduciary duty real estate
Deed of Trust,glossary,,deed of trust;deed of trust vs mortgage
Lien,glossary,,lien definition;property lien;lien on house
Encumbrance,glossary,,encumbrance definition;encumbrance real estate
Title Insurance,glossary,,title insurance definition;what is title insurance
Appraisal,glossary,,appraisal definition;real estate appraisal;home appraisal
Closing Costs,glossary,,closing costs;what are closing costs;closing costs breakdown
